<?xml version="1.0" encoding="UTF-8"?>
<beans:beans xmlns="http://www.springframework.org/schema/security"
             xmlns:beans="http://www.springframework.org/schema/beans"
             xmlns:xsi="http://www.w3.org/2001/XMLSchema-instance"
             xsi:schemaLocation="http://www.springframework.org/schema/beans http://www.springframework.org/schema/beans/spring-beans.xsd
            http://www.springframework.org/schema/security http://www.springframework.org/schema/security/spring-security-4.2.xsd">
    
<http auto-config="true" use-expressions="true">
	<intercept-url pattern="/admin**" access="hasRole('ROLE_ADMIN')"/>
	<intercept-url pattern="/persona**" access="hasRole('ROLE_ADMIN') or hasRole('ROLE_USER')"/>
	<!--  <intercept-url pattern="/persona**" access="hasRole('ROLE_ADMIN') and hasRole('ROLE_USER')" /> 
        <intercept-url pattern="/persona**" access="hasRole('ROLE_XYZ')" /> 
        <intercept-url pattern="/persona**"  access="authenticated" /> ROLE_DBA-->	
	
	<access-denied-handler error-page="/403"/>
	
	<form-login login-page="/principal"  
                login-processing-url="/j_spring_security_check"                    
                default-target-url="/personas"
                username-parameter="usuario"
                password-parameter="clave"			                    
                authentication-failure-url="/login?error"/>     
	
	<logout logout-success-url="/login?logout" logout-url="/j_spring_security_logout"/>
	<csrf /> 
</http>

<authentication-manager>
	<authentication-provider>
		   <jdbc-user-service data-source-ref="dataSource"
		   					  users-by-username-query="select * from (select nombre as username, clave as password, estado as enabled from usuario) as users where username = ?"
                              authorities-by-username-query="select * from (select nombre as username, tipo as AUTHORITY from usuario) as authorities where username = ? " /> 
	</authentication-provider>
</authentication-manager>

</beans:beans>
